{"T1348654204705":[{"postid":"C187SPUD052282JN","hasCover":false,"hasHead":1,"replyCount":160,"ltitle":"世界上最好吃的几种美食，中国有两样上榜！","hasImg":1,"digest":"导语：对于吃货来说，全世界的美食都吃一边都是他们的理想。吃辣帮（ichilabang）小编从国外网站找来这几款大家评价比较高的世界上最好吃的几种美食，中国居然有","hasIcon":true,"docid":"C187SPUD052282JN","title":"世界上最好吃的几种美食，中国有两样上榜！","order":1,"priority":150,"lmodify":"2016-09-18 14:03:20","boardid":"dy_wemedia_bbs","url_3w":"","template":"normal1","votecount":123,"alias":"Travel","cid":"C1348652751993","url":"null","hasAD":1,"source":"吃辣帮","subtitle":"","ename":"lvyou","tname":"旅游","imgsrc":"http://cms-bucket.nosdn.127.net/df3e0fdb0acc49eb96f5e92ae56003c720160918140316.jpeg","ptime":"2016-09-18 10:55:21"},{"url_3w":"","postid":"C182OPKB05249JN4","votecount":5,"replyCount":11,"ltitle":"除了西安，陕西还有这样两座古老的小城！","digest":"汉江是汉朝的发祥地。“大汉民族”、“汉文化”、“汉学”、“汉语”这些名称，都是因有了汉朝才定型的，而汉朝得名于汉江，发祥于汉中。在陕西西南部，汉水静静流过，成就","url":"null","docid":"C182OPKB05249JN4","title":"除了西安，陕西还有这样两座古老的小城！","source":"同程旅游网","priority":149,"lmodify":"2016-09-18 10:33:24","imgsrc":"http://dingyue.nosdn.127.net/T8STIM7=WyVkTiBGwr4iio5cow3n7QoTHHdixpbYkoqyu1474161783551.jpg","subtitle":"","boardid":"dy_wemedia_bbs","ptime":"2016-09-18 09:25:47"},{"postid":"PHOT216IN000617K","votecount":86,"replyCount":116,"skipID":"17KK0006|2136663","digest":"","skipType":"photoset","docid":"9IG74V5H00963VRO_C186211Syan_junupdateDoc","title":"摄影师镜头下 1990年的东京黑帮","source":"旧影阁","imgextra":[{"imgsrc":"http://cms-bucket.nosdn.127.net/e715f15e214249fb80a9468e5152ecd320160918102258.jpeg"},{"imgsrc":"http://cms-bucket.nosdn.127.net/2ca56318ddf9491490e38bca60e84fd420160918102306.jpeg"}],"priority":148,"lmodify":"2016-09-18 10:33:43","boardid":"photoview_bbs","imgsrc":"http://cms-bucket.nosdn.127.net/2ddb62d9c4d949f5a977f264cc31d5b620160918102250.jpeg","photosetID":"17KK0006|2136663","ptime":"2016-09-18 10:23:15"},{"url_3w":"http://travel.163.com/16/0918/11/C18B36T600067VF3.html","postid":"C18B36T600067VF3","votecount":171,"replyCount":189,"ltitle":"游客北京遭遇“黑一日游”不满中途补价被扇耳光","digest":"据北京青年报9月18日报道，昨天下午，一段“北京一日游遭欺诈，有游客被打”的视频在网上引发热议。视频中，三名男子在大巴车上围住一名游客打耳光，要求游客“滚下车去","url":"http://3g.163.com/travel/16/0918/11/C18B36T600067VF3.html","docid":"C18B36T600067VF3","title":"游客北京遭遇“黑一日游”不满中途补价被扇耳光","source":"北京青年报","priority":147,"lmodify":"2016-09-18 13:15:38","imgsrc":"http://cms-bucket.nosdn.127.net/273f8bc149aa4a44ac812b288a3652da20160918131534.jpeg","subtitle":"","boardid":"travel_bbs","ptime":"2016-09-18 11:51:17"},{"url_3w":"http://travel.163.com/16/0918/10/C1883MNT00067VF3.html","postid":"C1883MNT00067VF3","votecount":1,"replyCount":5,"ltitle":"对国家的搞笑误解：你中了几枪？","digest":"SandheepVurukkara我已经在印度待了二十年。过去两年来，我一直在瑞典念硕士。从一开始到现在，我不断地被问到这类问题：听说你们的街头有牛和狗在闲逛，","url":"http://3g.163.com/travel/16/0918/10/C1883MNT00067VF3.html","docid":"C1883MNT00067VF3","title":"对国家的搞笑误解：你中了几枪？","source":"煎蛋网","priority":147,"lmodify":"2016-09-18 11:23:54","imgsrc":"http://cms-bucket.nosdn.127.net/1028717677d448028b395a2e915a827120160918112343.jpeg","subtitle":"","boardid":"travel_bbs","ptime":"2016-09-18 10:59:07"},{"url_3w":"http://travel.163.com/16/0918/10/C1882J1S00067VF3.html","postid":"C1882J1S00067VF3","votecount":0,"replyCount":2,"ltitle":"机器人逃离实验室  尴尬的是刚出大门就没电","digest":"这是一只跑得又快、又爱搞大新闻的机器人。据英国镜报消息，在俄罗斯莫斯科，一只机器人被警察抓住了，甚至差点被带上了手铐。“看我和善的小眼神。”这是怎么回事?这是一","url":"http://3g.163.com/travel/16/0918/10/C1882J1S00067VF3.html","docid":"C1882J1S00067VF3","title":"机器人逃离实验室  尴尬的是刚出大门就没电","source":"趣闻猎奇","priority":147,"lmodify":"2016-09-18 11:24:34","imgsrc":"http://cms-bucket.nosdn.127.net/62dd8207834b49b1a48142444df2d7ac20160918112422.jpeg","subtitle":"","boardid":"travel_bbs","ptime":"2016-09-18 10:58:31"},{"postid":"PHOT216IQ000617K","votecount":5,"replyCount":8,"skipID":"17KK0006|2136666","digest":"","skipType":"photoset","docid":"9IG74V5H00963VRO_C18596OKyan_junupdateDoc","title":"比利时的古老传统：捕虾也要骑着马！","source":"中国新闻网","imgextra":[{"imgsrc":"http://cms-bucket.nosdn.127.net/c74fdc9697af421eb295a2bba9dbf71b20160918100850.jpeg"},{"imgsrc":"http://cms-bucket.nosdn.127.net/1dabe10a1ce742a9a16f151303ef129620160918100926.jpeg"}],"priority":147,"lmodify":"2016-09-18 10:33:34","boardid":"photoview_bbs","imgsrc":"http://cms-bucket.nosdn.127.net/9f491353cc704808b9161fd287e87c5320160918100805.jpeg","photosetID":"17KK0006|2136666","ptime":"2016-09-18 10:09:42"},{"url_3w":"","postid":"C0TU5PLV0524905E","votecount":98,"replyCount":121,"ltitle":"每个城市都有一条专坑外地人的街，你家的叫什么","digest":"各大旅游城市“坑人街”名单，以后出门旅游见到这些景点最好绕着走，妈妈再也不怕我被坑！西安·回民街根据多年被坑的经验，这种各路小吃店的霓虹灯招牌过于密集的街，潜台","url":"","docid":"C0TU5PLV0524905E","title":"每个城市都有一条专坑外地人的街，你家的叫什么","source":"带我飞","priority":145,"lmodify":"2016-09-18 10:35:04","imgsrc":"http://dingyue.nosdn.127.net/7oYMFiQm30QIVfRF5HRhZEmZxad6K6g5C4thCDS6b3FSF1473821491810transferflag.png","subtitle":"","boardid":"dy_wemedia_bbs","ptime":"2016-09-18 08:08:42"},{"url_3w":"http://travel.163.com/16/0918/11/C18A1BRI00067VF3.html","postid":"C18A1BRI00067VF3","votecount":0,"replyCount":1,"ltitle":"奇葩景象大盘点 比如一群猪集体跳下河游泳","digest":"#1舌头舔手肘，你可以吗?#2一群猪集体跳下河游泳?#3人民群众的力量是伟大的!#4小妹妹身手不错呀!反应更是没话说了。#5上课打瞌睡的你。#6是福不是祸，是祸","url":"http://3g.163.com/travel/16/0918/11/C18A1BRI00067VF3.html","docid":"C18A1BRI00067VF3","title":"奇葩景象大盘点 比如一群猪集体跳下河游泳","source":"趣闻猎奇","priority":144,"lmodify":"2016-09-18 13:14:46","imgsrc":"http://cms-bucket.nosdn.127.net/5cb91ee83e534e4da66c0f36030e1afc20160918131442.jpeg","subtitle":"","boardid":"travel_bbs","ptime":"2016-09-18 11:32:48"}]}