{"T1348647853363":[{"postid":"PHOT236H5000100A","hasCover":false,"hasHead":1,"replyCount":37051,"hasImg":1,"digest":"","hasIcon":true,"docid":"9IG74V5H00963VRO_C29T3DO4liushuqiupdateDoc","title":"多地迎出行高峰 出城车辆如计算机编码","order":1,"priority":345,"lmodify":"2016-10-01 13:06:26","boardid":"photoview_bbs","ads":[{"title":"一周图片精选：儿童剃天安门图案发型","tag":"photoset","imgsrc":"http://cms-bucket.nosdn.127.net/e92ffd2be84c4cc08b6af51aae074dd220161001081723.jpeg","subtitle":"","url":"19BR0001|2201985"},{"title":"上海节日夜外滩游人如织 警方全员上岗","tag":"photoset","imgsrc":"http://cms-bucket.nosdn.127.net/465aac09a90b43e28dbb4a62c26fec5320161001083515.jpeg","subtitle":"","url":"00AP0001|2202088"},{"title":"数万人观看天安门升旗仪式 庆祝国庆节","tag":"photoset","imgsrc":"http://cms-bucket.nosdn.127.net/2cf022d2dfbe431b95de3d48b34237f120161001074316.jpeg","subtitle":"","url":"00AN0001|2202067"},{"title":"国庆前夕各地火车站 看完你还想出门吗","tag":"photoset","imgsrc":"http://cms-bucket.nosdn.127.net/78b4e61dcbe047e7a0952e75d52c86a420160930223538.jpeg","subtitle":"","url":"00AP0001|2202054"},{"title":"以色列为佩雷斯举行国葬 奥巴马出席","tag":"photoset","imgsrc":"http://cms-bucket.nosdn.127.net/1cd0ff76153b4a69a1c008e15b9df49a20161001095834.jpeg","subtitle":"","url":"00AO0001|2202109"}],"photosetID":"00AP0001|2202149","template":"normal1","votecount":34833,"skipID":"00AP0001|2202149","alias":"Top News","skipType":"photoset","cid":"C1348646712614","hasAD":1,"imgextra":[{"imgsrc":"http://cms-bucket.nosdn.127.net/73dd47450c2f43c3b804f391a01e005020161001124322.jpeg"},{"imgsrc":"http://cms-bucket.nosdn.127.net/e27441b0ec654394a9b23f691514439920161001124324.jpeg"}],"source":"网易原创","ename":"iosnews","imgsrc":"http://cms-bucket.nosdn.127.net/da95d9f236bd464fb1a06ee15774893f20161001124321.jpeg","tname":"头条","ptime":"2016-10-01 12:40:55"},{"postid":"C28BCA2U00014PRF","url_3w":"http://news.163.com/16/0930/22/C28BCA2U00014PRF.html","votecount":1467,"replyCount":2065,"skipID":"S1451880983492","ltitle":"国务院举行国庆招待会庆祝建国67周年","digest":"央视网消息(新闻联播)：9月30日晚，国务院在人民大会堂举行国庆招待会，热烈庆祝中华人民共和国成立六十七周年。习近平、李克强、张德江、俞正声、刘云山、王岐山、张","skipType":"special","url":"http://3g.163.com/news/16/0930/22/C28BCA2U00014PRF.html","specialID":"S1451880983492","docid":"C28BCA2U00014PRF","title":"国务院举行国庆招待会庆祝建国67周年","source":"央视","priority":310,"lmodify":"2016-10-01 09:41:01","boardid":"news_guonei8_bbs","subtitle":"","imgsrc":"http://cms-bucket.nosdn.127.net/e1c38eff13294b059a7c76bf01b8074220161001092845.jpeg","ptime":"2016-09-30 22:11:57"},{"url_3w":"http://news.163.com/16/1001/08/C29FE00F000146BE.html","postid":"C29FE00F000146BE","votecount":40838,"replyCount":43500,"ltitle":"招架不住质询 日本防卫大臣首次国会答辩被问哭","digest":"中新网10月1日电据日本媒体报道，日本防卫大臣稻田朋美9月30日在国会上接受议员质询时招架不住，当场流了眼泪。9月30日是稻田朋美就任防卫大臣以来首次在国会答辩","url":"http://3g.163.com/news/16/1001/08/C29FE00F000146BE.html","docid":"C29FE00F000146BE","title":"招架不住质询 日本防卫大臣首次国会答辩被问哭","source":"中国新闻网","priority":110,"lmodify":"2016-10-01 12:12:26","imgsrc":"http://cms-bucket.nosdn.127.net/32e8824460734e3b901242633d71bb1e20161001084921.jpeg","subtitle":"","boardid":"news3_bbs","ptime":"2016-10-01 08:40:00"},{"url_3w":"http://news.163.com/16/1001/10/C29MBKHD0001124J.html","postid":"C29MBKHD0001124J","votecount":1268,"replyCount":1573,"ltitle":"北京官方解读办理居住证政策 你想知道的都在这","digest":"#法制晚报快讯#今日，北京将全面启动居住证办理工作，市公安局人口管理总队有关人员解读居住证相关政策。一、办理居住证到底有什么用？暂住证和居住证的区别是什么？实施","url":"http://3g.163.com/news/16/1001/10/C29MBKHD0001124J.html","docid":"C29MBKHD0001124J","title":"北京官方解读办理居住证政策 你想知道的都在这","source":"法制晚报","priority":106,"lmodify":"2016-10-01 14:16:17","imgsrc":"http://cms-bucket.nosdn.127.net/7f8a72e770f64191bec9773e62c455dd20161001104658.jpeg","subtitle":"","boardid":"news_guonei8_bbs","ptime":"2016-10-01 10:43:04"},{"url_3w":"","postid":"C2A7UQUF052999L3","votecount":0,"replyCount":0,"ltitle":"王楠老公因\"抗日放水\"言论被骂 正式宣布退出微博","digest":"奥运冠军、乒乓球大魔王王楠的老公郭斌于今天正式宣布退出微博，此前他因在微博上发布“抗日放水”的言论遭到很多网民炮轰。作为奥运冠军王楠的老公，郭斌此前在公众面前都","url":"null","docid":"C2A7UQUF052999L3","title":"王楠老公因\"抗日放水\"言论被骂 正式宣布退出微博","source":"足坛宙斯","priority":103,"lmodify":"2016-10-01 16:39:58","imgsrc":"http://dingyue.nosdn.127.net/ru4mkFGHwQVo8TtZjTEUlpHq759E51nYdJ7cg2V257Zaf1475308238555.png","subtitle":"","boardid":"dy_wemedia_bbs","ptime":"2016-10-01 15:50:39"},{"url_3w":"http://news.163.com/16/1001/15/C2A7UD5D00011229.html","postid":"C2A7UD5D00011229","votecount":3977,"replyCount":4300,"ltitle":"\"云南投毒冤案\"保姆:回家等赔偿 对未来仍迷茫","digest":"2016年10月1日，云南“保姆投毒冤案”的主角钱仁风（曾用名钱仁凤），迎来了出狱后的第一个国庆节。这个17岁被抓，服冤狱整整13年，如今已31岁的女子，特意请","url":"http://3g.163.com/news/16/1001/15/C2A7UD5D00011229.html","docid":"C2A7UD5D00011229","title":"\"云南投毒冤案\"保姆:回家等赔偿 对未来仍迷茫","source":"封面新闻","priority":103,"lmodify":"2016-10-01 16:03:37","imgsrc":"http://cms-bucket.nosdn.127.net/47198bcce7aa4e6fa30e64867ea2bb4720161001155402.jpeg","subtitle":"","boardid":"news_shehui7_bbs","ptime":"2016-10-01 15:50:24"},{"url_3w":"http://news.163.com/16/1001/14/C2A3C0GV000146BE.html","postid":"C2A3C0GV000146BE","votecount":15701,"replyCount":16856,"ltitle":"国民党发不出薪水 洪秀柱首度向全体党工说对不起","digest":"中新网10月1日电据台湾《联合晚报》报道，国民党账户遭冻结，9月薪水发不出来，国民党中央30日召集县市党部主委扩大会报，党主席洪秀柱哽咽自责，首度向全体党工说对","url":"http://3g.163.com/news/16/1001/14/C2A3C0GV000146BE.html","docid":"C2A3C0GV000146BE","title":"国民党发不出薪水 洪秀柱首度向全体党工说对不起","source":"中国新闻网","priority":103,"lmodify":"2016-10-01 15:44:49","imgsrc":"http://cms-bucket.nosdn.127.net/7679f5e57e22490caebe150b49c4d3a820161001153603.jpeg","subtitle":"","boardid":"news3_bbs","ptime":"2016-10-01 14:23:00"},{"postid":"PHOT236H9000100A","votecount":9074,"replyCount":9868,"skipID":"00AP0001|2202153","digest":"","skipType":"photoset","docid":"9IG74V5H00963VRO_C29UOJD2luowenwenupdateDoc","title":"济南第一高楼点亮300米巨型国旗庆国庆","source":"网易原创","imgextra":[{"imgsrc":"http://cms-bucket.nosdn.127.net/798379cf07514141821054bffce0c71b20161001131114.jpeg"},{"imgsrc":"http://cms-bucket.nosdn.127.net/f5a4e16b113c4300a3982d00b5ff671320161001131116.jpeg"}],"priority":102,"lmodify":"2016-10-01 16:04:04","boardid":"photoview_bbs","imgsrc":"http://cms-bucket.nosdn.127.net/4ca0cc488d3a4e09aaee1d7d48bbc18320161001131112.jpeg","photosetID":"00AP0001|2202153","ptime":"2016-10-01 13:09:57"},{"url_3w":"http://news.163.com/16/1001/12/C29S0J00000146BE.html","postid":"C29S0J00000146BE","votecount":20303,"replyCount":21536,"ltitle":"\"国庆结婚小长假\"开启:中国人结婚为何热衷随份子","digest":"一年一度的“国庆结婚小长假”开启啦。想必有不少人已经接到请柬了吧？结婚是喜事，参加婚礼为新人送上祝福也是人情事理。但是，有人却遇到了这样的情况：最近两年，90后","url":"http://3g.163.com/news/16/1001/12/C29S0J00000146BE.html","docid":"C29S0J00000146BE","title":"\"国庆结婚小长假\"开启:中国人结婚为何热衷随份子","source":"财经网","priority":102,"lmodify":"2016-10-01 13:44:03","imgsrc":"http://cms-bucket.nosdn.127.net/73527c0ad61f4102b1889fdcebc99cd020161001122459.jpeg","subtitle":"","boardid":"news3_bbs","ptime":"2016-10-01 12:21:53"},{"url_3w":"","postid":"C2A8RMPD0528AG9N","votecount":1495,"replyCount":1660,"ltitle":"脸大胸平腿粗还出轨 但她依然是全世界最美女神！","digest":"现如今动不动就被称为女神的人，在她面前，明显黯然失色，尽管她脸大、胸平、腿粗，还出轨……她是个天使，出身名门，会讲五国语言，1954年，她在影片《罗马假日》中第","url":"null","docid":"C2A8RMPD0528AG9N","title":"脸大胸平腿粗还出轨 但她依然是全世界最美女神！","source":"爱琴海","priority":101,"lmodify":"2016-10-01 16:22:47","imgsrc":"http://cms-bucket.nosdn.127.net/2bcf1f92f59249f19386895f3d81ab5c20161001160809.jpeg","subtitle":"","boardid":"dy_wemedia_bbs","ptime":"2016-10-01 16:06:25"},{"url_3w":"http://news.163.com/16/1001/15/C2A86Q3400011229.html","postid":"C2A86Q3400011229","votecount":8,"replyCount":22,"ltitle":"海南三沙永兴岛开始种菜了！月产万余斤瓜菜","digest":"9月30日下午，和煦的阳光透过三沙市永兴岛4个蔬菜大棚顶部，照在一棵棵茁壮生长的蔬菜上。这些采用水培、无土栽培方式种植的各类瓜菜，1个月可产万余斤，成为永兴居民","url":"http://3g.163.com/news/16/1001/15/C2A86Q3400011229.html","docid":"C2A86Q3400011229","title":"海南三沙永兴岛开始种菜了！月产万余斤瓜菜","source":"南海网","priority":101,"lmodify":"2016-10-01 16:40:21","imgsrc":"http://cms-bucket.nosdn.127.net/508e22502e234af39cc3b7a7437a725b20161001163059.jpeg","subtitle":"","boardid":"news_shehui7_bbs","ptime":"2016-10-01 15:55:00"},{"url_3w":"http://news.163.com/16/1001/15/C2A7EPKS00014SEH.html","postid":"C2A7EPKS00014SEH","votecount":288,"replyCount":321,"ltitle":"武夷山逃票线路设专人蹲点 非旅游线路增设探头","digest":"不少山岳型景区都存在“野导”带路逃票的现象，这也是福建武夷山景区多年来的“顽疾”。2016年8月武夷山景区被国家旅游局严重警告，原因之一就是“野导游”现象严重。","url":"http://3g.163.com/news/16/1001/15/C2A7EPKS00014SEH.html","docid":"C2A7EPKS00014SEH","title":"武夷山逃票线路设专人蹲点 非旅游线路增设探头","source":"澎湃新闻网","priority":101,"lmodify":"2016-10-01 16:00:57","imgsrc":"http://cms-bucket.nosdn.127.net/1713e8224d1c417faf6229d5b45f2ca620161001155558.jpeg","subtitle":"","boardid":"news3_bbs","ptime":"2016-10-01 15:37:00"},{"url_3w":"http://news.163.com/16/1001/15/C2A5PJC2000146BE.html","postid":"C2A5PJC2000146BE","votecount":2138,"replyCount":2376,"ltitle":"特朗普凌晨掐架\"环球小姐\" 希拉里:他简直疯了","digest":"美国总统选举共和党候选人唐纳德·特朗普9月30日在社交网站发声，矛头直指支持其竞选对手的前“环球小姐”阿莉西亚·马查多，暗示后者曾录下“不雅视频”。对特朗普凌晨","url":"http://3g.163.com/news/16/1001/15/C2A5PJC2000146BE.html","docid":"C2A5PJC2000146BE","title":"特朗普凌晨掐架\"环球小姐\" 希拉里:他简直疯了","source":"新华社新媒体专线","priority":101,"lmodify":"2016-10-01 15:30:04","imgsrc":"http://cms-bucket.nosdn.127.net/262d13f4354d4247b166a6cdca92487420161001152526.jpeg","subtitle":"","boardid":"news3_bbs","ptime":"2016-10-01 15:07:40"},{"url_3w":"http://help.3g.163.com/16/1001/14/C2A1PTVQ00963VRO.html","postid":"C2A1PTVQ00963VRO","votecount":969,"replyCount":1090,"ltitle":"故宫网售门票配额增加1万张 假期首日8万门票售罄","digest":"法制晚报讯今天中午1点16分，随着故宫(微博)端门售票广场大屏幕门票倒计数的显示余票0张，故宫长假首日的8万张门票全部卖光。明后两天，故宫将迎来全年游客的尖峰时","url":"http://3g.163.com/ntes/16/1001/14/C2A1PTVQ00963VRO.html","docid":"C2A1PTVQ00963VRO","title":"故宫网售门票配额增加1万张 假期首日8万门票售罄","source":"法制晚报","priority":101,"lmodify":"2016-10-01 16:05:55","imgsrc":"http://cms-bucket.nosdn.127.net/aeca70826c134b99bb4f790014dd24e420161001140344.jpeg","subtitle":"","boardid":"3g_bbs","ptime":"2016-10-01 14:03:06"},{"url_3w":"http://news.163.com/16/1001/13/C29UDNS100014SEH.html","postid":"C29UDNS100014SEH","votecount":18670,"replyCount":19857,"ltitle":"江苏一公园“熊出没\" 警方围捕一小时无果后击毙","digest":"据交汇点新闻客户端10月1日消息，国庆小长假第一天，一个“不速之客”打乱了盐城市人民公园的正常秩序。原来，一只熊从笼子里自己跑了出来，最终被当地警方击毙。据盐城","url":"http://3g.163.com/news/16/1001/13/C29UDNS100014SEH.html","docid":"C29UDNS100014SEH","title":"江苏一公园“熊出没\" 警方围捕一小时无果后击毙","source":"澎湃新闻网","priority":101,"lmodify":"2016-10-01 13:48:18","imgsrc":"http://cms-bucket.nosdn.127.net/0ba41c383f9e46629aad91fbad37c2e620161001132625.png","subtitle":"","boardid":"news3_bbs","ptime":"2016-10-01 13:03:00"},{"postid":"PHOT236HO000100A","votecount":258,"replyCount":304,"skipID":"00AO0001|2202168","digest":"","skipType":"photoset","docid":"9IG74V5H00963VRO_C2A2GJKRliushuqiupdateDoc","title":"梵高两幅被盗画作14年后被警方找到","source":"网易原创","imgextra":[{"imgsrc":"http://cms-bucket.nosdn.127.net/fecd5332b1d14e1d883f3e1816b56d6d20161001141626.jpeg"},{"imgsrc":"http://cms-bucket.nosdn.127.net/8861e736b4a646a892cc64f0b50bd47d20161001141630.jpeg"}],"priority":100,"lmodify":"2016-10-01 16:04:13","boardid":"photoview_bbs","imgsrc":"http://cms-bucket.nosdn.127.net/ee8c861c7a0d4eb9aa9142ea216c4d1420161001141625.jpeg","photosetID":"00AO0001|2202168","ptime":"2016-10-01 14:15:29"},{"url_3w":"","postid":"BUPAUSEM05298PQT","votecount":100,"replyCount":112,"ltitle":"GIF-血债血还？巴西领军人物内马尔十五大进球","digest":"他是内马尔，继大罗小罗后的又一公认的巴西领军人物，他19岁获得2011年度南美足球先生、普斯卡什奖。20岁荣膺2012年度南美足球先生。21岁登上世界最著名新闻","url":"null","docid":"BUPAUSEM05298PQT","title":"GIF-血债血还？巴西领军人物内马尔十五大进球","source":"蹴鞠世界","priority":80,"lmodify":"2016-08-19 18:19:45","imgsrc":"http://cms-bucket.nosdn.127.net/36f56e11440e42658b8e77fc21b68d4620160819153231.jpeg","subtitle":"","boardid":"dy_wemedia_bbs","ptime":"2016-08-18 19:28:55"},{"url_3w":"http://news.163.com/16/1001/16/C2A90UJO000146BE.html","postid":"C2A90UJO000146BE","votecount":22,"replyCount":40,"ltitle":"浙江籍船只福建海域遭碰撞倾覆 致4人遇难3人失联","digest":"一艘浙江籍的船只9月29日在福建海域遭碰撞倾覆，造成1人受伤获救、7人落水失联。福建福鼎市官方1日对外通报称，截至10月1日11时30分，共打捞起4具遇难者遗体","url":"http://3g.163.com/news/16/1001/16/C2A90UJO000146BE.html","docid":"C2A90UJO000146BE","title":"浙江籍船只福建海域遭碰撞倾覆 致4人遇难3人失联","source":"中国新闻网","priority":99,"lmodify":"2016-10-01 16:21:09","imgsrc":"http://cms-bucket.nosdn.127.net/082096db5f664b70be934e164e929f3720161001161617.jpeg","subtitle":"","boardid":"news3_bbs","ptime":"2016-10-01 16:00:00"},{"url_3w":"http://ent.163.com/16/1001/15/C2A6VBCN000380BQ.html","postid":"C2A6VBCN000380BQ","votecount":1292,"replyCount":1447,"ltitle":"范冰冰蜡像\"丑到无极限\" 网友留言要求提告","digest":"由于打造出来的蜡像几乎不及范冰冰美貌的百万分之一，也让粉丝气愤表示根本刻意丑化，纷纷留言要求范冰冰去提告。","url":"http://3g.163.com/ent/16/1001/15/C2A6VBCN000380BQ.html","docid":"C2A6VBCN000380BQ","title":"范冰冰蜡像\"丑到无极限\" 网友留言要求提告","source":"网易娱乐","priority":99,"lmodify":"2016-10-01 15:54:19","imgsrc":"http://cms-bucket.nosdn.127.net/ec705ccf395440aebad4800b2c4f798020161001153622.png","subtitle":"","boardid":"ent2_bbs","ptime":"2016-10-01 15:33:27"},{"url_3w":"http://auto.163.com/16/0913/00/C0Q6KKML00084TUO.html","postid":"C0Q6KKML00084TUO","votecount":3346,"replyCount":3729,"ltitle":"又一魔术空间 本田放大版的飞度空间更大","digest":"版权声明：本文版权为网易汽车所有，转载请注明出处。网易汽车9月13日报道近日，海外媒体曝光了一组本田新一代Freed的路试谍照，新车定位为MPV车型，基于飞度平","url":"http://3g.163.com/auto/16/0913/00/C0Q6KKML00084TUO.html","docid":"C0Q6KKML00084TUO","title":"又一魔术空间 本田放大版的飞度空间更大","source":"网易汽车","priority":70,"lmodify":"2016-09-16 09:58:13","imgsrc":"http://cms-bucket.nosdn.127.net/94fb60f9a3454f0190f1ce39a9d11d2820160913073451.jpeg","subtitle":"","boardid":"auto_bbs","ptime":"2016-09-13 00:03:17"},{"url_3w":"http://news.163.com/16/1001/14/C2A4AT53000146BE.html","postid":"C2A4AT53000146BE","votecount":469,"replyCount":501,"ltitle":"云南牟定发生强降雨洪涝灾害 已致3人死亡1人受伤","digest":"中新网昆明10月1日电记者1日从云南省楚雄州宣传部获悉，9月30日19点，牟定县境内出现中到大雨局部暴雨天气，截至目前，全县7个乡镇共有75个村(社区)626个","url":"http://3g.163.com/news/16/1001/14/C2A4AT53000146BE.html","docid":"C2A4AT53000146BE","title":"云南牟定发生强降雨洪涝灾害 已致3人死亡1人受伤","source":"中国新闻网","priority":99,"lmodify":"2016-10-01 14:55:42","imgsrc":"http://cms-bucket.nosdn.127.net/61fa0fa0c5cc4ea793f5874225c7332b20161001145242.jpeg","subtitle":"","boardid":"news3_bbs","ptime":"2016-10-01 14:46:00"},{"url_3w":"","postid":"C2A0JPJA0514AGAC","votecount":1440,"replyCount":1555,"ltitle":"他有房子有家，却在街头捡垃圾救了3千多条流浪狗","digest":"作为一个上海人，他每天都把自己和狗狗住的窝棚，收拾得干干净净，从无居民投诉。狗狗的开销基本靠他捡垃圾，他说捡垃圾收入还是蛮好的。前两年他每天收入300到500元","url":"null","docid":"C2A0JPJA0514AGAC","title":"他有房子有家，却在街头捡垃圾救了3千多条流浪狗","source":"和气广世","priority":99,"lmodify":"2016-10-01 16:04:35","imgsrc":"http://cms-bucket.nosdn.127.net/bcd8bd37fab44ca28b164ba666e2295120161001134641.png","subtitle":"","boardid":"dy_wemedia_bbs","ptime":"2016-10-01 13:42:17"}]}