{"T1348647853363":[{"postid":"PHOT2337B000100A","hasCover":false,"hasHead":1,"replyCount":18065,"hasImg":1,"digest":"","hasIcon":true,"docid":"9IG74V5H00963VRO_C19058E8bjzhounaupdateDoc","title":"乌克兰人向俄罗斯大使馆发射烟花","order":1,"priority":321,"lmodify":"2016-09-18 18:09:55","boardid":"photoview_bbs","ads":[{"title":"美国纽约曼哈顿发生爆炸 造成多人受伤","tag":"photoset","imgsrc":"http://cms-bucket.nosdn.127.net/8a9930c909e747ae86f323883c463f9720160918101834.jpeg","subtitle":"","url":"00AO0001|2198616"},{"docid":"C186USA505169QC9","title":"这个男生擅长画鬼，总被当成女神膜拜","tag":"doc","imgsrc":"http://cms-bucket.nosdn.127.net/916b20c6a8c24f15b23652dbdc1fa77620160918161219.jpeg","subtitle":"","url":"C186USA505169QC9"},{"docid":"C186CF4V05169QC9","title":"该不该把1.35亿名画交给国家 她说:不!","tag":"doc","imgsrc":"http://cms-bucket.nosdn.127.net/53ff658ed026494eb0c1ccf487ad24dd20160918130024.jpeg","subtitle":"","url":"C186CF4V05169QC9"},{"title":"山东污水站因改造停工 河道变\"牛奶河\"","tag":"photoset","imgsrc":"http://cms-bucket.nosdn.127.net/2b9743ec7fac48b48e4c901d536bc72920160918095454.jpeg","subtitle":"","url":"00AP0001|2198597"},{"title":"广东海警查获走私冻品案 案值八千万","tag":"photoset","imgsrc":"http://cms-bucket.nosdn.127.net/0016a822159d449f86d9c11cb286b53820160918075943.jpeg","subtitle":"","url":"00AP0001|2198535"}],"photosetID":"00AO0001|2198763","template":"normal1","votecount":17385,"skipID":"00AO0001|2198763","alias":"Top News","skipType":"photoset","cid":"C1348646712614","hasAD":1,"imgextra":[{"imgsrc":"http://cms-bucket.nosdn.127.net/a26dcc2610ad44dc86adafa340d53bf120160918180839.jpeg"},{"imgsrc":"http://cms-bucket.nosdn.127.net/b843d0f57d3d4025acd830d1ab40b35020160918180840.jpeg"}],"source":"网易原创","ename":"iosnews","imgsrc":"http://cms-bucket.nosdn.127.net/3f5f982e747146a1a3ae0ec35a62274720160918180838.jpeg","tname":"头条","ptime":"2016-09-18 17:59:24"},{"postid":"C17VSI0F00014PRF","url_3w":"http://news.163.com/16/0918/08/C17VSI0F00014PRF.html","votecount":4192,"replyCount":11803,"skipID":"S1451880983492","ltitle":"回顾习近平如何谈中国人民抗日战争","digest":"【编前语】85年前的今天，日本军国主义悍然发动九一八事变，激起中国人民的奋勇抵抗。九一八事变成为中国人民抗日战争的起点，并揭开了世界反法西斯战争的序幕。新华网“","skipType":"special","url":"http://3g.163.com/news/16/0918/08/C17VSI0F00014PRF.html","specialID":"S1451880983492","docid":"C17VSI0F00014PRF","title":"回顾习近平如何谈中国人民抗日战争","source":"新华网","priority":315,"lmodify":"2016-09-18 14:28:27","boardid":"news_guonei8_bbs","subtitle":"","imgsrc":"http://cms-bucket.nosdn.127.net/66460d53282242f5805966112567c75c20160918094149.jpeg","ptime":"2016-09-18 08:35:25"},{"url_3w":"http://help.3g.163.com/16/0918/16/C18PN35600963VRO.html","postid":"C18PN35600963VRO","votecount":91,"replyCount":186,"ltitle":"检察机关对令政策、陈川平、孙鸿志三案提起公诉","digest":"近日，江苏省、山东省检察机关依法对山西省政协原副主席令政策涉嫌受贿案，中共山西省委原常委、太原市委原书记陈川平涉嫌受贿、国有公司人员滥用职权案，国家工商行政管理","url":"http://3g.163.com/ntes/16/0918/16/C18PN35600963VRO.html","docid":"C18PN35600963VRO","title":"检察机关对令政策、陈川平、孙鸿志三案提起公诉","source":"最高检网站","priority":125,"lmodify":"2016-09-18 16:24:45","imgsrc":"http://cms-bucket.nosdn.127.net/dfb072c0ce574b8fbc091d108ca6ce6520160918161650.jpeg","subtitle":"","boardid":"3g_bbs","ptime":"2016-09-18 16:06:48"},{"url_3w":"http://money.163.com/16/0918/16/C18SMQEH002580SM.html","postid":"C18SMQEH002580SM","votecount":10612,"replyCount":11181,"ltitle":"国内油价终结“涨涨涨” 明起每升便宜一毛钱","digest":"国际原油市场的复苏之路并不平坦，价格急涨急跌。经过8月中下旬的快速攀升，进入9月，国际油价不断向下调整。受此影响，在“二连涨”之后，国内油价将迎今年第四次下调。","url":"http://3g.163.com/money/16/0918/16/C18SMQEH002580SM.html","docid":"C18SMQEH002580SM","title":"国内油价终结“涨涨涨” 明起每升便宜一毛钱","source":"央视","priority":123,"lmodify":"2016-09-18 18:47:45","imgsrc":"http://cms-bucket.nosdn.127.net/dbbb8febd47943cdaa8ffa3bc86912e320160818084850.jpeg","subtitle":"","boardid":"money_bbs","ptime":"2016-09-18 16:59:05"},{"url_3w":"http://news.163.com/16/0918/16/C18PP07R0001124J.html","postid":"C18PP07R0001124J","votecount":484,"replyCount":1315,"ltitle":"天津检察机关公诉周永康等大案挽回经济损失8.7亿","digest":"近日，天津市检察院召开第十四次检察工作会议。会议总结了该市第十三次检察工作会议以来的工作，明确了“十三五”时期天津检察工作的总体思路和主要任务。天津市检察院检察","url":"http://3g.163.com/news/16/0918/16/C18PP07R0001124J.html","docid":"C18PP07R0001124J","title":"天津检察机关公诉周永康等大案挽回经济损失8.7亿","source":"正义网-检察日报","priority":123,"lmodify":"2016-09-18 18:08:15","imgsrc":"http://cms-bucket.nosdn.127.net/e9f8bc0919584790b4a766c0c0acbc8f20160918175509.jpeg","subtitle":"","boardid":"news_guonei8_bbs","ptime":"2016-09-18 16:07:51"},{"url_3w":"http://news.163.com/16/0918/16/C18QND2Q0001121M.html","postid":"C18QND2Q0001121M","votecount":24011,"replyCount":25563,"ltitle":"死亡之坠！分析称MH370每分钟万米速度直坠入海","digest":"中国日报网9月18日电据澳大利亚联合新闻社（AAP）9月17日报道，调查人员透露，针对马航失联航班MH370一块襟翼残骸的最新分析结果显示，这架波音777客机坠","url":"http://3g.163.com/news/16/0918/16/C18QND2Q0001121M.html","docid":"C18QND2Q0001121M","title":"死亡之坠！分析称MH370每分钟万米速度直坠入海","source":"中国日报网","priority":122,"lmodify":"2016-09-18 17:55:07","imgsrc":"http://cms-bucket.nosdn.127.net/ee41b6e04bc24ed580307c5428f292a720160918162613.jpeg","subtitle":"","boardid":"news_guoji2_bbs","ptime":"2016-09-18 16:24:27"},{"postid":"PHOT23371000100A","votecount":13111,"replyCount":13726,"skipID":"00AP0001|2198753","digest":"","skipType":"photoset","docid":"9IG74V5H00963VRO_C18TONUAbjzhounaupdateDoc","title":"云南一砖厂拘禁智障人员做\"奴工\"","source":"网易原创","imgextra":[{"imgsrc":"http://cms-bucket.nosdn.127.net/3328ad92dd8c43ef80794ac7ca2894bc20160918172226.jpeg"},{"imgsrc":"http://cms-bucket.nosdn.127.net/d139c022ffee457e87fa05a0a81418a720160918172226.jpeg"}],"priority":121,"lmodify":"2016-09-18 17:55:02","boardid":"photoview_bbs","imgsrc":"http://cms-bucket.nosdn.127.net/7e3b1c34239644179b0de3b5334c035220160918172225.jpeg","photosetID":"00AP0001|2198753","ptime":"2016-09-18 17:17:37"},{"url_3w":"http://news.163.com/16/0918/15/C18N4GP300011229.html","postid":"C18N4GP300011229","votecount":65019,"replyCount":67560,"ltitle":"理科男2次成功越狱 死刑前1天发明神器被改判死缓","digest":"最近，这个帖子火得不能再火！《真人版侠盗猎车：浙大男越狱抢警车被判死刑，竟发明黑科技捡回一命……有文化太可怕》，帖子用段子手文风，讲述了一个和昆明有关系的故事：","url":"http://3g.163.com/news/16/0918/15/C18N4GP300011229.html","docid":"C18N4GP300011229","title":"理科男2次成功越狱 死刑前1天发明神器被改判死缓","source":"海南特区报","priority":121,"lmodify":"2016-09-18 16:56:53","imgsrc":"http://cms-bucket.nosdn.127.net/c5fed1d019984282854a526cb61aaf3420160918152511.jpeg","subtitle":"","boardid":"news_shehui7_bbs","ptime":"2016-09-18 15:21:43"},{"url_3w":"http://news.163.com/16/0918/18/C192O0I100014JB5.html","postid":"C192O0I100014JB5","votecount":0,"replyCount":4,"ltitle":"美国无人机炸死意大利人 \"捐助\"家属120万欧元","digest":"据中国之声《新闻晚高峰》报道，去年1月，美国无人机在巴基斯坦境内空袭一处“基地”组织目标时，炸死了被拘禁在这座建筑中的意大利人乔瓦尼·洛·波尔托和美国籍人质沃伦","url":"http://3g.163.com/news/16/0918/18/C192O0I100014JB5.html","docid":"C192O0I100014JB5","title":"美国无人机炸死意大利人 \"捐助\"家属120万欧元","source":"央广网","priority":120,"lmodify":"2016-09-18 19:33:29","imgsrc":"http://cms-bucket.nosdn.127.net/422efd08e38e45a5a339baccaf15b7fc20160918193020.jpeg","subtitle":"","boardid":"news3_bbs","ptime":"2016-09-18 18:40:00"},{"url_3w":"http://news.163.com/16/0918/18/C192AU800001124J.html","postid":"C192AU800001124J","votecount":840,"replyCount":924,"ltitle":"广东海警查获千吨\"僵尸肉\" 用漂白剂浸泡防腐","digest":"央广网广州消息记者从广东海警一支队了解到，9月15日10时，海警一支队出动多艘舰艇，在担杆岛以东海域、深圳大鹏湾以南海域同时开展行动，一举打掉一个在珠三角边境伺","url":"http://3g.163.com/news/16/0918/18/C192AU800001124J.html","docid":"C192AU800001124J","title":"广东海警查获千吨\"僵尸肉\" 用漂白剂浸泡防腐","source":"央广网","priority":120,"lmodify":"2016-09-18 18:47:50","imgsrc":"http://cms-bucket.nosdn.127.net/b287f634cb934779b40712b4e52d2c1a20160918183946.jpeg","subtitle":"","boardid":"news_guonei8_bbs","ptime":"2016-09-18 18:37:27"}]}