{"T1348647853363":[{"postid":"PHOT231TH000100A","hasCover":false,"hasHead":1,"replyCount":22041,"hasImg":1,"digest":"","hasIcon":true,"docid":"9IG74V5H00963VRO_C0R25NRBbjjikeupdateDoc","title":"秋收时节公路成打谷场 如\"黄金大道\"","order":1,"priority":345,"lmodify":"2016-09-13 14:44:38","boardid":"photoview_bbs","ads":[{"title":"住建部否认海绵城市试点失败 称在推进","tag":"photoset","imgsrc":"http://cms-bucket.nosdn.127.net/37631833862e4fa88ae82dca867aa53220160913160915.jpeg","subtitle":"","url":"00AP0001|2197605"},{"title":"青岛一村过中秋现场发500万现金","tag":"photoset","imgsrc":"http://cms-bucket.nosdn.127.net/ea97d6ecf03f4c3680dc40dd606e427920160913120917.jpeg","subtitle":"","url":"00AP0001|2197560"},{"title":"快播涉黄被判罚1千万 王欣等4人获刑","tag":"photoset","imgsrc":"http://cms-bucket.nosdn.127.net/b9e303b979974822a6effc0a4790086320160913112644.jpeg","subtitle":"","url":"00AP0001|2197534"},{"title":"图片故事：无腿少年上学记","tag":"photoset","imgsrc":"http://cms-bucket.nosdn.127.net/e4cdced39138456f84a05462823aa70f20160913105138.jpeg","subtitle":"","url":"00AP0001|2197515"},{"docid":"C0RN630205169QC9","title":"搬砖年薪近五十万,这样的工作请来一沓","tag":"doc","imgsrc":"http://cms-bucket.nosdn.127.net/ace9f85cbd1845619056abcdc374c5bd20160913142021.jpeg","subtitle":"","url":"C0RN630205169QC9"}],"photosetID":"00AP0001|2197425","template":"normal1","votecount":20012,"skipID":"00AP0001|2197425","alias":"Top News","skipType":"photoset","cid":"C1348646712614","hasAD":1,"imgextra":[{"imgsrc":"http://cms-bucket.nosdn.127.net/68b43a70584c482bb37d313fb702c2bb20160913080620.jpeg"},{"imgsrc":"http://cms-bucket.nosdn.127.net/1a5ea98b335f4232b85f168750ba864720160913080621.jpeg"}],"source":"网易原创","ename":"iosnews","imgsrc":"http://cms-bucket.nosdn.127.net/2abebca2d0f3418880e3336c56de5f9920160913080618.jpeg","tname":"头条","ptime":"2016-09-13 08:05:15"},{"postid":"C0PNEMTE00014SEH","url_3w":"http://news.163.com/16/0912/19/C0PNEMTE00014SEH.html","votecount":601,"replyCount":0,"skipID":"S1451880983492","ltitle":"习近平两次致贺信 这个书院成立初就不一般","digest":"英国前首相布莱尔、法国前总统萨科奇、澳大利亚前总理陆克文、美国前国务卿基辛格、诺贝尔奖获得者杨振宁、著名大提琴家马友友等，都是这儿的顾问。9月10日，是中国第3","skipType":"special","url":"http://3g.163.com/news/16/0912/19/C0PNEMTE00014SEH.html","specialID":"S1451880983492","docid":"C0PNEMTE00014SEH","title":"习近平两次致贺信 这个书院成立初就不一般","source":"新京报即时新闻","priority":310,"lmodify":"2016-09-13 10:10:42","boardid":"news3_bbs","subtitle":"","imgsrc":"http://cms-bucket.nosdn.127.net/83fe154b6f524e0c81ede518361f4a2420160913093031.jpeg","ptime":"2016-09-12 19:33:24"},{"url_3w":"http://help.3g.163.com/16/0913/11/C0RENM5900963VRO.html","postid":"C0RENM5900963VRO","votecount":3825,"replyCount":5548,"ltitle":"李鸿忠任天津市委书记 黄兴国被免市长职务","digest":"新华网北京9月13日电日前，中共中央决定：李鸿忠同志任天津市委委员、常委、书记，不再担任湖北省委书记、常委、委员职务；黄兴国不再代理天津市委书记，免去其市委副书","url":"http://3g.163.com/ntes/16/0913/11/C0RENM5900963VRO.html","docid":"C0RENM5900963VRO","title":"李鸿忠任天津市委书记 黄兴国被免市长职务","source":"新华社","priority":140,"lmodify":"2016-09-13 16:18:51","imgsrc":"http://cms-bucket.nosdn.127.net/8e5fab9512d840ba915a7357dffef54b20160913115652.png","subtitle":"","boardid":"3g_bbs","ptime":"2016-09-13 11:44:46"},{"url_3w":"http://news.163.com/16/0913/15/C0RQ3NS50001124J.html","postid":"C0RQ3NS50001124J","votecount":1820,"replyCount":2216,"ltitle":"国开行原党委副书记姚中民顶风违纪被双开","digest":"日前，经中共中央批准，中共中央纪委对国家开发银行原党委副书记、监事长姚中民严重违纪问题进行了立案审查。经查，姚中民违反政治纪律和政治规矩，对抗组织审查，违反中央","url":"http://3g.163.com/news/16/0913/15/C0RQ3NS50001124J.html","docid":"C0RQ3NS50001124J","title":"国开行原党委副书记姚中民顶风违纪被双开","source":"中央纪委监察部网站","priority":139,"lmodify":"2016-09-13 16:19:51","imgsrc":"http://cms-bucket.nosdn.127.net/938a77d0c74d40d8a618bfd4dc924fc520160913150659.jpeg","subtitle":"","boardid":"news_guonei8_bbs","ptime":"2016-09-13 15:03:35"},{"url_3w":"http://help.3g.163.com/16/0913/10/C0RC4ODV00963VRO.html","postid":"C0RC4ODV00963VRO","votecount":2747,"replyCount":12781,"ltitle":"快播涉黄案一审宣判:王欣获刑3年半 罚款100万","digest":"快播案一审宣判：快播公司被罚一千万元，王欣被判刑3年6个月罚一百万。本院依照《中华人民共和国刑法》第三百六十三条第一款、第三百六十六条、第三十条、第三十一条、第","url":"http://3g.163.com/ntes/16/0913/10/C0RC4ODV00963VRO.html","docid":"C0RC4ODV00963VRO","title":"快播涉黄案一审宣判:王欣获刑3年半 罚款100万","source":"北京海淀法院","priority":138,"lmodify":"2016-09-13 16:19:00","imgsrc":"http://cms-bucket.nosdn.127.net/9b2f4db1a9554d2a8b24b80c5c28825520160913113333.jpeg","subtitle":"","boardid":"3g_bbs","ptime":"2016-09-13 10:59:29"},{"url_3w":"http://news.163.com/16/0913/12/C0RIPLRI00014SEH.html","postid":"C0RIPLRI00014SEH","votecount":28,"replyCount":912,"ltitle":"法官详解快播案：为何被告认罪态度发生极大变化","digest":"9月13日上午，北京海淀法院对被告单位深圳市快播科技有限公司，被告人王欣、吴铭、张克东、牛文举涉嫌传播淫秽物品牟利罪一案进行公开宣判。根据北京海淀法院公布的判决","url":"http://3g.163.com/news/16/0913/12/C0RIPLRI00014SEH.html","docid":"C0RIPLRI00014SEH","title":"法官详解快播案：为何被告认罪态度发生极大变化","source":"澎湃新闻网","priority":137,"lmodify":"2016-09-13 16:19:06","imgsrc":"http://cms-bucket.nosdn.127.net/7af342fe6ec0479c815856b9cddcf89e20160913131526.jpeg","subtitle":"","boardid":"news3_bbs","ptime":"2016-09-13 12:43:00"},{"url_3w":"http://help.3g.163.com/16/0913/09/C0R7BON700963VRO.html","postid":"C0R7BON700963VRO","votecount":3661,"replyCount":6632,"ltitle":"快播涉黄案宣判:本案不适用\"技术中立\"责任豁免","digest":"#快播案一审宣判#：#快播传播淫秽物品牟利案#海淀法院将于今日上午对被告单位深圳市快播科技有限公司，被告人王欣、吴铭、张克东、牛文举传播淫秽物品牟利罪一案进行宣","url":"http://3g.163.com/ntes/16/0913/09/C0R7BON700963VRO.html","docid":"C0R7BON700963VRO","title":"快播涉黄案宣判:本案不适用\"技术中立\"责任豁免","source":"北京海淀法院","priority":137,"lmodify":"2016-09-13 16:19:12","imgsrc":"http://cms-bucket.nosdn.127.net/13b2986cba714a379515f5def4c690c720160913093633.jpeg","subtitle":"","boardid":"3g_bbs","ptime":"2016-09-13 09:35:55"},{"url_3w":"","postid":"C0RSMP8V0528AG9N","votecount":134,"replyCount":179,"ltitle":"真相大白！原来没有狐臭的统统都是“变种人”！","digest":"先说一个鲜为人知的事实：其实有狐臭才是“正常”，没狐臭才是“变态”。摘要：1、狐臭产生原因？2、什么样的人有狐臭？3、如何消除狐臭？机理是什么？4、有狐臭的人身","url":"null","docid":"C0RSMP8V0528AG9N","title":"真相大白！原来没有狐臭的统统都是“变种人”！","source":"爱琴海","priority":136,"lmodify":"2016-09-13 16:34:25","imgsrc":"http://cms-bucket.nosdn.127.net/518f2f568f7c4a83ad4ebd9bccd9e65320160913162734.jpeg","subtitle":"","boardid":"dy_wemedia_bbs","ptime":"2016-09-13 15:48:57"},{"postid":"PHOT2321A000100A","votecount":14045,"replyCount":14653,"skipID":"00AO0001|2197546","digest":"","skipType":"photoset","docid":"9IG74V5H00963VRO_C0RIITCRbjzhounaupdateDoc","title":"那位美国单亲妈妈和八胞胎的全家福","source":"网易原创","imgextra":[{"imgsrc":"http://cms-bucket.nosdn.127.net/56b9f10685244522be4a2f95a6cc87db20160913125252.jpeg"},{"imgsrc":"http://cms-bucket.nosdn.127.net/64ca7c5065b642daad400554d6a2e4dd20160913125254.jpeg"}],"priority":136,"lmodify":"2016-09-13 16:19:18","boardid":"photoview_bbs","imgsrc":"http://cms-bucket.nosdn.127.net/3c04f634e503431d93f361b72f0e267a20160913125252.jpeg","photosetID":"00AO0001|2197546","ptime":"2016-09-13 12:52:04"},{"url_3w":"http://news.163.com/16/0913/14/C0RO1CEH00014SEH.html","postid":"C0RO1CEH00014SEH","votecount":5483,"replyCount":5668,"ltitle":"湖南省高院官员肖明被查 曾被曝与多名女子开房","digest":"红网张家界站9月13日消息，当日上午，记者从张家界市人民检察院获悉，经湖南省人民检察院指定管辖，2016年9月8日，张家界市人民检察院决定，依法对湖南省高级人民","url":"http://3g.163.com/news/16/0913/14/C0RO1CEH00014SEH.html","docid":"C0RO1CEH00014SEH","title":"湖南省高院官员肖明被查 曾被曝与多名女子开房","source":"澎湃新闻网","priority":135,"lmodify":"2016-09-13 16:33:47","imgsrc":"http://cms-bucket.nosdn.127.net/4057be89ed5e4206a3604131403efcd220160913161004.jpeg","subtitle":"","boardid":"news3_bbs","ptime":"2016-09-13 14:24:00"}]}